{
	"condition": "minecraft:any_of",
	"terms": [
		{
			"condition": "minecraft:entity_scores",
			"entity": "this",
			"scores": {
				"stamina_beef": {
					"min": 1,
					"max": 999
				}
			}
		},
		{
			"condition": "minecraft:entity_scores",
			"entity": "this",
			"scores": {
				"stamina_apple": {
					"min": 1,
					"max": 999
				}
			}
		},
		{
			"condition": "minecraft:entity_scores",
			"entity": "this",
			"scores": {
				"stamina_melon": {
					"min": 1,
					"max": 999
				}
			}
		}
	]
}