{
    "criteria": {
        "01red":{
            "trigger": "minecraft:entity_hurt_player",
            "conditions": {
                "damage": {
                    "type": {
                        "direct_entity": {
                            "type": "minecraft:creeper",
                            "nbt": "{Tags:[\"grenade_redspy\"]}"
                        },
                        "killing_blow": {
                            "source_entity": {
                                "type": "minecraft:player",
                                "team": "red"
                            }
                        }
                    }
                }
            }
        }
	},
	"rewards": {
		"function": "spy:red/mission/01"
	}
}